,XLK,XLF,XLE,XLU,XLB,XLP,XLY,XLI,XLV,SPY
2000-04-01,0.10709653943298122,0.060604046481243595,0.08482325127082929,0.13881172588936427,0.0793197843069547,0.04045312608998309,0.04112992932135006,0.18389005852251591,0.13080887168049918,0.13306266700427868
2000-05-01,0.11957817230458966,0.03773102991603472,0.1781454513976551,0.15777083818968055,0.04244472625744669,0.047468258676398964,0.04741719151403412,0.1141651859416796,0.12190239843331799,0.1333767473691626
2000-06-01,0.06387455751771516,0.05036966875351769,0.14808010212788641,0.21389058218560786,0.05306747960328879,0.0584685512617713,0.06754414659071378,0.09904876818184409,0.1184669034859384,0.1271892402917165
2000-07-01,0.034227325112799335,0.049364088926421204,0.16166208790395192,0.20067635249947507,0.08792744788604075,0.15211515375108112,0.0786221073960888,0.05852722012543124,0.11150742987306675,0.06537078652564382
2000-08-01,0.013597251175037649,0.08406976805646062,0.10888448383224286,0.15919426333643807,0.1265876390514429,0.20223103860403668,0.06622286512213658,0.07726939691903015,0.10867495448397331,0.05326833941920118
2000-09-01,0.05086674362172133,0.034089657515847895,0.08828529776862885,0.12370606938899906,0.10380335617061578,0.1279507120174518,0.04799659647974012,0.06882988836641635,0.16103478544133012,0.19343689322924867
2000-10-01,0.025791995132185167,0.08370036728071648,0.09452222973090928,0.13541165964293872,0.07387938563524384,0.1476609252540562,0.06529418025358759,0.12112044028948141,0.1505126950288261,0.10210612175205527
2000-11-01,0.017169130575527596,0.04512054513481731,0.16131308128931848,0.15399268832556934,0.056936143762966226,0.24268693799943203,0.050956470274486326,0.0987970351544069,0.09376259735960975,0.07926537012386607
2000-12-01,0.011123218723135292,0.04972383267048347,0.13139890104211208,0.20539884152608343,0.06138310556010787,0.26690756037006325,0.05046029756257027,0.08501099908361695,0.08448253865711217,0.05411070480471522
2001-01-01,0.023229757846170297,0.05356124545943683,0.10762706437936226,0.29343257845091014,0.04867210299108603,0.2462476541818579,0.01998335642136924,0.03753730052336353,0.05753701277759228,0.11217192696885153
2001-02-01,0.02288459701954438,0.0682965566084832,0.09993521576326676,0.3287647524563697,0.05370816281225441,0.16550086655632215,0.043102125234447654,0.04250643749561321,0.030861001257921097,0.14444028479577745
2001-03-01,0.023352448957939174,0.06864688563513792,0.11376325374440292,0.2930330255268645,0.05125586397827339,0.17949227734466838,0.04656003763635218,0.04151806102261673,0.03558431480428719,0.1467938313494576
2001-04-01,0.02566665294368678,0.06686898029320688,0.16702560268007363,0.19479521355716836,0.10513191153305898,0.21847797536397345,0.05824491019011903,0.04573400736846431,0.06646775655269925,0.05158698951754932
2001-05-01,0.026682175716780936,0.055559114941313416,0.10779805945775328,0.19244816212353108,0.09145439223806578,0.1643889498441144,0.08478703040179342,0.08234147781947294,0.09316221135248606,0.10137842610468871
2001-06-01,0.029428637903792243,0.06139782459659184,0.15605699869000492,0.12313059702598195,0.08767481801569355,0.15295651885654832,0.10786750162802358,0.08469110171866225,0.08870662906275051,0.10808937250195082
2001-07-01,0.019525476143199348,0.08207817576074049,0.1242026191532425,0.19318653009792605,0.06774690427713005,0.2217713942841557,0.08212616048093956,0.0419999405111029,0.10924578867575473,0.05811701061580866
2001-08-01,0.014946832674914878,0.11036186593643361,0.1012115976652695,0.13313818420564247,0.07559769907668015,0.17157729012139175,0.08950508940429695,0.09495118612069658,0.13918503200428278,0.06952522279039135
2001-09-01,0.013482921487186831,0.09784516976426735,0.11118840378290261,0.1205304641442201,0.111778196394542,0.17785704149497433,0.06735114996625809,0.1007699579483988,0.1404153735974129,0.05878132141983698
2001-10-01,0.018629361737619553,0.09112622175434823,0.10977949010773935,0.2455949724526101,0.06756660861772637,0.18269033720382116,0.06420752294929669,0.0269702984102241,0.07091722982276427,0.12251795694385006
2001-11-01,0.01822250757310376,0.12160749759820724,0.07932743475476435,0.27189294953346343,0.060863337054258386,0.19425555301456018,0.045379226648374064,0.07167410180949538,0.03509408018830771,0.10168331182546554
2001-12-01,0.03072360906700935,0.06285387374504675,0.0695566752058044,0.3696537902505806,0.04955475217381622,0.22938202141997296,0.05008124430902831,0.021344445068581967,0.07295857234955354,0.04389101641060586
2002-01-01,0.015442835683591385,0.08155640366164825,0.04737265765941903,0.18174857855924131,0.06579434578887398,0.29458223257762656,0.05054132709557609,0.09416539703324348,0.0383423469959899,0.13045387494478994
2002-02-01,0.035609034771488066,0.04520187039152286,0.04919075745412065,0.1906479178938476,0.06410282286547617,0.27639522101056385,0.08106920179087987,0.07958373727823571,0.05665084897862768,0.12154858756523752
2002-03-01,0.01642513462084373,0.06750251657916843,0.0983292490349781,0.21621208751762977,0.051221421366617004,0.2704337073993079,0.07590237020822453,0.05839406313291785,0.09126464062154326,0.05431480951876941
2002-04-01,0.034012152890639094,0.03955629075921346,0.10474173918176752,0.1977793907567984,0.05474873531630108,0.2504380470171634,0.06958270476318548,0.06496922951041147,0.11986384702148549,0.06430786278303463
2002-05-01,0.018674355067240515,0.07517777170703925,0.12459585102264677,0.13059018185711355,0.06744806577646772,0.25299268970084776,0.07615941794893147,0.0682443400207421,0.12269430241103475,0.06342302448793612
2002-06-01,0.012187950901437402,0.08958687647117401,0.10684935672927888,0.13115136541246072,0.0808335835594274,0.24831503666525345,0.07248760077967999,0.06581148595095641,0.1369054891070283,0.05587125442330347
2002-07-01,0.028277537766641013,0.08379027573896448,0.1254322063386264,0.13011659340590864,0.15680676695265483,0.15189754123139848,0.08265512301419127,0.04197738919445409,0.14237585848682818,0.05667070787033263
2002-08-01,0.030987373844105763,0.09216763208230129,0.057161812643118246,0.08640377006942146,0.0809700358042653,0.2483173752073365,0.07510843686747644,0.10759516035843457,0.09974643744418864,0.12154196567935178
2002-09-01,0.03592812413737205,0.08829402369199572,0.049288265146825584,0.09315351364504527,0.07061002341579377,0.2711278501374737,0.06401796352249078,0.11384158535366364,0.09531434155910896,0.11842430939023053
2002-10-01,0.06805324976518183,0.09105499212283225,0.045535734425189184,0.09102488415197893,0.06214796563278557,0.282025245519188,0.06077305395659284,0.12074066048558832,0.06002338897040732,0.11862082497025578
2002-11-01,0.06125415406236089,0.07808371011823677,0.06277474231216884,0.09615803475236603,0.04949773721323217,0.27623552396073897,0.10849033700144478,0.06097540496570737,0.0861869520604972,0.12034340355324695
2002-12-01,0.026521830578945502,0.06882803077940414,0.07114349460760384,0.08643436416139456,0.03864560789425493,0.29855940186959046,0.0808282054742228,0.09994684052531011,0.1099713861436279,0.11912083796564572
2003-01-01,0.021551536786665774,0.057061816157501735,0.07931848406969917,0.08396160406963663,0.03159450456334016,0.31855098886419997,0.07366483224144339,0.08427836062215403,0.1440897476078706,0.10592812501748851
2003-02-01,0.0431237130949263,0.07581949127756675,0.06405542998849126,0.11064304716443127,0.05358069584986501,0.2641259569831443,0.04813731277329637,0.10919709428585607,0.11665286736545522,0.11466439121696746
2003-03-01,0.024504204381204826,0.07758550275394555,0.08424252755428967,0.06048461151495236,0.10592114540762586,0.19864912783407693,0.040298760827379966,0.11043923763691205,0.17699839777398788,0.12087648431562495
2003-04-01,0.03597848374205663,0.0387611357104506,0.2049949657487678,0.1255654251915717,0.08836582428503298,0.18756345142702033,0.06266101568311311,0.09682084931947857,0.10281847096035322,0.05647037793215505
2003-05-01,0.026280340094190027,0.06440101395931803,0.23501865494268723,0.19572486499176775,0.05252782161075781,0.15036364468009886,0.026233077109396975,0.081000847060975,0.08242476911746224,0.08602496643334608
2003-06-01,0.03588437633725983,0.03499214651977578,0.22055621865884606,0.21248024586696979,0.07584916055645213,0.1522801602026785,0.05825437979581089,0.08179529592386936,0.07905756630112858,0.0488504498372091
2003-07-01,0.06354084692995242,0.08445443044092026,0.11051784551965733,0.11735504241049581,0.05759474219251719,0.16591250416009592,0.050660706889900875,0.0977194735264816,0.1048448035210972,0.14739960440888145
2003-08-01,0.04985313255815399,0.04355779546586182,0.16735317011933293,0.12805794737296627,0.06518618910627658,0.24518253130283563,0.0886099455667762,0.08619221466129659,0.06726771178619775,0.05873936206030224
2003-09-01,0.03737684594742357,0.03723822680826236,0.14797433336078838,0.1498729527380264,0.08323922713841847,0.2369139762824694,0.09501244063612288,0.0900467330581659,0.06866147521546291,0.053663788814859725
2003-10-01,0.04025553680955375,0.08063475269826594,0.1398393568786386,0.1453659304424312,0.055674203319045226,0.24025621454704904,0.05031980834194158,0.050435967725056735,0.09438782953307477,0.10283039970494315
2003-11-01,0.04133782037564963,0.07919534122891128,0.13000131615822805,0.21457320277653033,0.05948995683666472,0.17399983007329534,0.08034985096392824,0.04986265345759003,0.11205952848323276,0.059130499645969614
2003-12-01,0.03357572742700557,0.07896260229262239,0.16591478517517871,0.20510642377846872,0.06722019955563403,0.17898727554668992,0.06754992273193013,0.04924107287528246,0.09888037377184494,0.05456161684534316
2004-01-01,0.0220708744149477,0.09515963972339914,0.05136826142416567,0.19805833005896284,0.07161105711606686,0.2274861477226479,0.040792241500047795,0.11678214427954198,0.04960781606550149,0.12706348769471862
2004-02-01,0.03981632683121005,0.05147173762266768,0.09844873669039078,0.2077669201915346,0.06544726978985001,0.17384572292008177,0.09202068829379255,0.08842452952725846,0.12017359616147176,0.06258447197174237
2004-03-01,0.026495851922579056,0.10240741719247942,0.04862828888089229,0.10510295386222214,0.06969855607288397,0.23213479581933913,0.08993889226283736,0.09285174161093604,0.08516785790762657,0.14757364446820406
2004-04-01,0.04896154663859774,0.05373117253325655,0.09546894936119639,0.1949326663888651,0.04563274770846781,0.19714280154684716,0.09980671682499852,0.09050643394611332,0.11050720407742311,0.0633097609742343
2004-05-01,0.041544391772556435,0.10522911185352563,0.08719499835746002,0.17437406362588734,0.04686112997478322,0.23751264940982217,0.09179719885535725,0.05089378157040864,0.10050802331171267,0.06408465126848663
2004-06-01,0.07864588206049827,0.07651359919265348,0.07301013693911249,0.15426442819548541,0.033778710167282774,0.14482393414343733,0.09086759389603567,0.10286817359905566,0.09550973428610231,0.14971780752033664
2004-07-01,0.05028101379078988,0.1008792213388201,0.06608796824387449,0.13514986611057195,0.04322814715566386,0.2980808602078247,0.08332108322805086,0.04759488684440235,0.11288102611472482,0.06249592696527694
2004-08-01,0.07141627359848707,0.14242564535707344,0.06939605400578697,0.12050128620939368,0.03851875756820424,0.13854726839164033,0.06252124626054895,0.11376066336502415,0.10919318580065272,0.13371961944318844
2004-09-01,0.05203677460953192,0.08787031647139068,0.05281597037318276,0.1446450046336553,0.05904286678748486,0.20638486846605036,0.05982350288919311,0.10102421773710676,0.12077452644713423,0.11558195158527004
2004-10-01,0.037867550360947154,0.060598384137430183,0.08972294500049628,0.26293373242325035,0.059496545028842704,0.18374168400698282,0.08437250902441888,0.07920376804690468,0.0816379570726046,0.060424924898122345
2004-11-01,0.07083148590360062,0.08163152926861424,0.07490450194472871,0.3095191168950178,0.05537869755889778,0.16661700919173666,0.07966422525772543,0.03831262825418213,0.06664878230733422,0.0564920234181624
2004-12-01,0.10856995913532509,0.10433624259125157,0.0776147453096785,0.16543851477653423,0.06959650582618962,0.14691729541246068,0.11437967168987823,0.06060360875086026,0.0793127981704718,0.07323065833735005
2005-01-01,0.09922666674285523,0.07285820835437189,0.03347593087149154,0.0779067626997078,0.0857216489447641,0.10452427263137222,0.12362023994447323,0.13060440049042463,0.08306470137155571,0.18899716794898364
2005-02-01,0.08715914574119536,0.13021075990026687,0.05542916039710451,0.1184857916539707,0.07716530501062874,0.1419340418086874,0.11095808312903117,0.06817909930468104,0.1228047406977724,0.08767387235666178
2005-03-01,0.053802782819897824,0.07264554461262134,0.022987682248779194,0.06463674705928513,0.07611616606171054,0.2162573347020672,0.11477663913053293,0.12229626124313742,0.0887925637822143,0.1676882783397541
2005-04-01,0.07776475892614187,0.09054752026696095,0.04570114930056155,0.10555413932133814,0.08085042265562448,0.1345814210437973,0.1253043081688314,0.1187975496820331,0.0690877357248372,0.151810994909874
2005-05-01,0.09281191628173108,0.07774963558204967,0.05018144504562951,0.06596736532498881,0.06169940322658012,0.2138572225076058,0.10320785798404904,0.04744802994821182,0.22155120843903994,0.06552591566011419
2005-06-01,0.09362899677745172,0.09928896628400576,0.04105255650350877,0.15181075820312864,0.04031798787766329,0.17426322525625879,0.08771355438981251,0.04448163690068236,0.20095972768716164,0.06648259012032649
2005-07-01,0.08286037534764759,0.08121351540666572,0.039676082122545205,0.2054265673503217,0.0327587899080847,0.1689541383816934,0.07578329306972396,0.039881147287519604,0.2098008040408126,0.06364528708498554
2005-08-01,0.1160969208439686,0.07440182819749289,0.018404590210461175,0.09095463507788276,0.04769193194930531,0.15573283489515918,0.08933396554600448,0.053894047483209785,0.177063719590709,0.1764255262058068
2005-09-01,0.13430898494800414,0.13526246547729018,0.048298891269120695,0.13665658069165398,0.049215761027263244,0.14865359633718642,0.04691953993555079,0.10381272766267112,0.12290571415243387,0.0739657384988256
2005-10-01,0.15834903540635223,0.0585625439294509,0.04454017834771713,0.11856096443068244,0.06251016814983493,0.15069883575163234,0.07628267927778135,0.1264744553469237,0.11554279786205607,0.08847834149756892
2005-11-01,0.11166955604696488,0.10302865156220062,0.02845322702271031,0.07053076537763395,0.07438859618605484,0.17929032895395355,0.038442779498447675,0.071707175855714,0.20193351638052567,0.12055540311579449
2005-12-01,0.15419282824625827,0.054602386116047896,0.011606105282645381,0.035092764799808024,0.1167878093007682,0.10750165478140974,0.06410206846511594,0.148475211966437,0.1743078683254937,0.13333130271601584
2006-01-01,0.08023766054559456,0.060385599956842256,0.009840016150836267,0.030451636080506828,0.1065583427412833,0.19844454333840664,0.08129776859789109,0.1258740559412618,0.17853028585043584,0.12838009079694143
2006-02-01,0.04320832433393558,0.04889989745159293,0.018749614919838096,0.07862257454550468,0.07974908330219152,0.18514142462868463,0.09128841586439582,0.15988101800572524,0.15765572207814277,0.13680392486998882
2006-03-01,0.0672945852949185,0.12183922974556602,0.017531443962736058,0.09012822860693014,0.06028316070494466,0.1781190843590782,0.1502229128749517,0.07859435300822862,0.07868637127535452,0.15730063016729162
2006-04-01,0.03473358962930923,0.11799530704277396,0.017866200084082573,0.09191240296066697,0.05128870423578806,0.17257508520079978,0.08160198432485433,0.122421533969709,0.16151886545007513,0.14808632710194097
2006-05-01,0.07412867867850703,0.0558881296419858,0.033509649458469,0.1346545055979518,0.06875634476962765,0.15334632905656095,0.14694902437711183,0.12729151488446686,0.12628832154559058,0.07918750198972851
2006-06-01,0.09048109154897177,0.04970193326073923,0.035596909772335074,0.06548253307028752,0.0422021457798518,0.20271986480291093,0.13665592836321847,0.12546104003367967,0.18989508375462866,0.06180346961337691
2006-07-01,0.06079392991822361,0.092144893004822,0.019446810644290654,0.10967758421486876,0.02075942460380323,0.2340690208146883,0.1190816923848899,0.05356009855560373,0.18255381325804607,0.10791273260076376
2006-08-01,0.08114993707325224,0.09752995259958908,0.042218161098155974,0.194201632073113,0.032963324184921955,0.1622697702172086,0.05186951356874436,0.09224138100589248,0.18362843979143656,0.061927888387685745
2006-09-01,0.06783253595341092,0.06818456122358124,0.044024277784997255,0.24772985248347132,0.040481322628739755,0.15116283630123584,0.03749311694704565,0.034900861024538606,0.18691144875923327,0.12127918689374614
2006-10-01,0.05318469726681872,0.08998218238642965,0.04384506162200863,0.2356295396573223,0.03709917515336962,0.23013858914200372,0.057059623967028274,0.0325621987426274,0.1414889591635957,0.07900997289879597
2006-11-01,0.05079084334602778,0.11220489759559275,0.03074289026046081,0.2078953178621789,0.07639119881766647,0.10545275734762874,0.06008838864190834,0.06748996597040278,0.09803921361249035,0.19090452654564302
2006-12-01,0.059115825359702244,0.10712910523806278,0.028435244993079943,0.24070096866007848,0.07969658298704652,0.09550586836765033,0.07225693078671587,0.09497412917929417,0.05945746384386237,0.16272788058450727
2007-01-01,0.03346025817292341,0.08114804019232554,0.029788269567137537,0.23123403274227977,0.08946850090359287,0.1847920004306294,0.07338814534165028,0.08356038955349425,0.12009697899692413,0.07306338409904278
2007-02-01,0.0626624254523872,0.08911955584172562,0.034023426152986536,0.24434602123625765,0.05166208080320522,0.09177374045636241,0.05252355863453507,0.09843178684726107,0.1487213034549305,0.12673610112034875
2007-03-01,0.08325844534648648,0.07462409851206532,0.0481504603785255,0.1423697152661095,0.04310053734936115,0.14412956019054615,0.06679849846179459,0.08087467371854083,0.1915009171882139,0.12519309358835654
2007-04-01,0.10555704820932847,0.03216993999632173,0.061858113321883186,0.14094073192680462,0.04887721681613083,0.19844035921946068,0.0978228266465348,0.0970678564264717,0.1641339290974252,0.053131978339638786
2007-05-01,0.06042072523053238,0.06581476239178125,0.04383738171080447,0.059789307362888185,0.07508469909159206,0.2277627100202191,0.11017756356651326,0.14062039862280631,0.09515699556408722,0.12133545643877575
2007-06-01,0.10778113982984498,0.06974735998920953,0.07164393282877511,0.11689808908488493,0.04427221353079434,0.19701122224785053,0.056246629322527414,0.14270098544901647,0.12267357081986334,0.07102485689723337
2007-07-01,0.12405101800305574,0.05432660021159374,0.02826082827761547,0.06824063074722092,0.02923647543489213,0.26063916531704895,0.11228473465298022,0.058855503211637815,0.15028784429257044,0.11381719985138457
2007-08-01,0.13098444974363416,0.039594933320833886,0.022934953506468608,0.03104925819170094,0.03027952808941904,0.2629715120761453,0.11572259756650781,0.10096614632493191,0.15744990675411472,0.10804671442624368
2007-09-01,0.13985247742654774,0.07159802759682982,0.07099721916120388,0.046806620182519215,0.06110537379899027,0.27944181309255955,0.047700286234353476,0.09540890227344445,0.13139189542052498,0.05569738481302659
2007-10-01,0.13754150509438617,0.0773410050700563,0.07070614690027625,0.10178645578926619,0.05898040301876533,0.19883756350974155,0.03827510347521235,0.04620575622176649,0.16657771922956874,0.10374834169096057
2007-11-01,0.11733461263008266,0.03321270110020435,0.0651755658919934,0.11378707658901939,0.05377486013532707,0.27735598398474665,0.07408992002673347,0.05016526483711409,0.15688361046932991,0.05822040433544902
2007-12-01,0.10916005234715387,0.03693354233572743,0.02477221117831827,0.17401274486157042,0.05139490835407187,0.2903715086318223,0.07324036778508893,0.057489753877676485,0.12737981949668864,0.05524509113188176
2008-01-01,0.09324692700412578,0.01693075902428061,0.027093672341156994,0.15524624816267213,0.04354473082610189,0.29458198851039935,0.043848383307204336,0.09823119720776022,0.1429801395374298,0.0842959540788689
2008-02-01,0.10538933447323834,0.03730727171756004,0.024632873393591548,0.16041779028683265,0.02898426302322761,0.19104100630024237,0.08304662389015764,0.12162755380227556,0.1299495702360106,0.1176037128768637
2008-03-01,0.10729352894975579,0.04113036945193748,0.02836742630953195,0.06542757009871085,0.03442432469790046,0.24058921027174035,0.0922683646463038,0.11916383303544571,0.13296061311212606,0.13837475942654756
2008-04-01,0.07235808056474438,0.040737399376655346,0.0499322765084437,0.08098323555382092,0.05294183957254377,0.2809295797461489,0.0604189182492286,0.10259428030877844,0.1287725663491847,0.1303318237704513
2008-05-01,0.04701401615052037,0.03241176915328282,0.052139086152992765,0.11584768721183929,0.043633438719756945,0.20588558199876142,0.09440336767577352,0.04357944280277975,0.2407772503261252,0.12430835980816796
2008-06-01,0.033155498894609295,0.026009368570276085,0.058710570391267945,0.2580045255202318,0.056247560954639834,0.2379057649859822,0.052409874480995024,0.07039279761587033,0.15794060134984633,0.049223437236281184
2008-07-01,0.03510688452997368,0.0402015179035182,0.07070075492799427,0.20838500106900687,0.08926028804920305,0.17055486479124957,0.024737782805283822,0.09560065698479658,0.16030127418359905,0.10515097475537485
2008-08-01,0.08987449191585974,0.017344102677467478,0.05429179360123715,0.20770377798305278,0.1296257551343939,0.16168648352879006,0.05732991281063784,0.04158938579641828,0.1720364544478059,0.06851784210433688
2008-09-01,0.11128794409557165,0.008604411496823672,0.05728518639627214,0.14404892748800677,0.08776335259077878,0.165892351289265,0.02861753682469522,0.07693668027736246,0.17615885653028723,0.14340475301093708
2008-10-01,0.056570056078218564,0.009175936469674448,0.023424817902233424,0.14747587651099595,0.04581281026063275,0.2869920334175213,0.07534209730323287,0.08316723836490313,0.18268018870012465,0.08935894499246298
2008-11-01,0.11709610751683953,0.05576848987190793,0.059928567713775596,0.11522980439538695,0.1284760159955914,0.1535687642786577,0.07956584466708372,0.09348395332944104,0.08074404387847754,0.11613840835283853
2008-12-01,0.05399960613819542,0.056627718436802296,0.048027684430408925,0.0634463073134238,0.1277213028981153,0.2765415550338516,0.1110731235118501,0.1276921599388039,0.08878037671468658,0.046090165583862114
2009-01-01,0.05663886156582817,0.05467748499244304,0.052545316713098617,0.1274342097148951,0.11510595363163403,0.24690827626080253,0.055613632224386485,0.07398905005291158,0.16762894242737417,0.049458272416626294
2009-02-01,0.08651064256670335,0.012884388997843828,0.025362344985048666,0.13211883432483953,0.06350844394454302,0.27894878319049604,0.02938549658839276,0.043736098160029345,0.2531802701536947,0.07436469708840875
2009-03-01,0.10048451671809011,0.021153934311109335,0.07100116547930034,0.22907514358247702,0.07622005327894064,0.1756517716267134,0.0429942171946878,0.048604084864173565,0.12904773120229432,0.10576738174221345
2009-04-01,0.057745804499802565,0.018336115610257123,0.07464303190850119,0.2529542730884644,0.08490169081350617,0.1756243755313206,0.08075515200786025,0.04202647195603367,0.11208570156026865,0.10092738302398536
2009-05-01,0.058389473105773304,0.019494328914673228,0.06431534731520219,0.27762492473358147,0.040582846749012996,0.1602513150482593,0.08075093545543285,0.06918735743195384,0.11188306517462186,0.11752040607148895
2009-06-01,0.10000647116599101,0.008568503831334498,0.0365189641631165,0.2168338595756873,0.061478465043899845,0.2386690266727638,0.0580430591078741,0.025946335755779704,0.21286864555440865,0.041066669129144584
2009-07-01,0.07444458952832411,0.023311576137103683,0.0551612637142833,0.1102474285799454,0.030597813463194835,0.1409244740366356,0.058737982350584965,0.05279696719694792,0.33384824015825915,0.119929664834721
2009-08-01,0.1259144100092809,0.03974998553602861,0.028047127990615556,0.07948682542194795,0.02813887847803095,0.13779954360428637,0.07473787690725554,0.0663205351209702,0.2790305876014715,0.1407742293301124
2009-09-01,0.08180722538156304,0.05007172064547079,0.06826522337896049,0.17304115835194228,0.06439586684715426,0.1737640997674947,0.08438971676090211,0.08172335849815555,0.13723363603259267,0.08530799433576411
2009-10-01,0.09123601925924185,0.03778463115378967,0.06136246236065884,0.1598498350704402,0.07735721125715427,0.2410364037343471,0.03357356748909874,0.07418096410444483,0.17175769072560237,0.05186121484522215
2009-11-01,0.08903633042216387,0.014118633695837957,0.02530721669888911,0.160980839275706,0.036330241186843006,0.36117349352958655,0.026327250396385192,0.023135341925509686,0.19226439583487573,0.07132625703420292
2009-12-01,0.09532856621935651,0.015757589620217734,0.02711374372437242,0.14027988622422718,0.01940062852155582,0.3462893018012552,0.06764380943597362,0.025468528747446522,0.18523401640843123,0.07748392929716377
2010-01-01,0.06743924475576564,0.045926716160635886,0.06327551907131498,0.15874886451378256,0.058030987019161685,0.19692569659901984,0.050388707581419126,0.08080951152897327,0.13175341096371776,0.14670134180620925
2010-02-01,0.05063380869645609,0.06799690276560048,0.03427131352257603,0.1606199690400013,0.022494916266020726,0.29774474151204977,0.10224180141428205,0.07515221026153801,0.08332384092499825,0.10552049559647726
2010-03-01,0.11595929849447448,0.07503926239227021,0.029820122510689863,0.17348544868008775,0.020217491353686695,0.18104333803525727,0.12322473533757043,0.08412607489688288,0.0911065737209397,0.10597765457814069
2010-04-01,0.10098548738933322,0.07015901237523932,0.03388489921873614,0.1686455190009388,0.04783648763569794,0.2788148943487681,0.12159426457096068,0.04452748062120143,0.07261879018460372,0.060933164654520616
2010-05-01,0.1301243513119884,0.05514165678381046,0.06409385300607802,0.15641158143128456,0.04070314046112495,0.19427975870296296,0.10182524142597606,0.041752159294422185,0.1546341599044618,0.06103409767789061
2010-06-01,0.09721733171262345,0.025794944155913234,0.032652510762249086,0.16845474346580205,0.03150109422817176,0.24757739953211352,0.037669645375187154,0.06951475941982335,0.1941013895878899,0.09551618176022651
2010-07-01,0.053170039192885654,0.026588818183927523,0.032006275224505026,0.15217008643062313,0.031886367805902975,0.24527708590867286,0.07531336103727208,0.06790362076065341,0.21892723088386734,0.09675711457169
2010-08-01,0.10369840725792057,0.06098252616835692,0.03359887520147874,0.1627491475919775,0.03193352771680211,0.23653222732202467,0.07650713346302962,0.035227250168353826,0.2048930476489867,0.05387785746106937
2010-09-01,0.11299669498303176,0.06803450769624798,0.03224103431191674,0.13152761538094782,0.03065298318317544,0.261292479113459,0.07854231713734627,0.03618822473219735,0.19105426417006813,0.05746987929160957
2010-10-01,0.1104843240132668,0.028443565418490076,0.04223998050725682,0.16654191649936298,0.0341639792296339,0.2508313759771583,0.0712903741968546,0.06978701512938533,0.16950834549712193,0.05670912353146922
2010-11-01,0.11239761074779485,0.02912945496033652,0.06990301272540243,0.1904115854360757,0.029504152242153487,0.2885659774000131,0.07376029868343022,0.034331735189741884,0.11622594241518855,0.055770230199863206
2010-12-01,0.05536612640043703,0.06134494617059818,0.03222401656484565,0.26767659542906147,0.02472667454075611,0.22876964995394894,0.08535988444400862,0.07028098120206856,0.07519621306029167,0.09905491223398379
2011-01-01,0.09464872654677503,0.06397940027417984,0.027763003200645158,0.28967631329190213,0.01902891008317947,0.20434536766071676,0.056757145770621374,0.07634262742835851,0.06796061515071487,0.0994978905929069
2011-02-01,0.0878837255727496,0.058097729449186036,0.035588929983755666,0.2536650622650989,0.04974186845103884,0.22025809072291083,0.0957698115843938,0.04373479329749245,0.09664480743750635,0.05861518123586753
2011-03-01,0.07940443428551043,0.04434686437627922,0.06195635669060229,0.22898422521456718,0.03367141950071017,0.28262711041940114,0.07149431754317753,0.03701546585944902,0.10225572197752635,0.05824408413277671
2011-04-01,0.09091448207543679,0.0809181781984954,0.05951841088831123,0.12347016258786712,0.062225287598892294,0.19078824905865333,0.059927265086733184,0.08034585147045348,0.10673251444933651,0.14515959858582067
2011-05-01,0.0767896591906899,0.06250236151921136,0.06217147528345074,0.19467343428639855,0.07222389253459076,0.22793092751935484,0.08826244653252056,0.032023294291050164,0.1298633728553642,0.05355913598736893
2011-06-01,0.08180839955980927,0.09488699084366123,0.024783622644870263,0.14510867872071184,0.03335387881281444,0.2901931899015953,0.10071823333504504,0.03309863056753631,0.1398022055478164,0.056246170066139904
2011-07-01,0.09607008334546688,0.08986815463976061,0.04132617421762454,0.14104518137061445,0.028758607742932037,0.15418752664455448,0.12007463983215479,0.041760447909339825,0.16377675001150838,0.12313243428604403
2011-08-01,0.08739120537623904,0.08058278913027923,0.030889334233524163,0.25372208685081643,0.05747503581109765,0.21346509350979126,0.045301527689878704,0.0705348191611083,0.10251371066975593,0.0581243975675093
2011-09-01,0.10883519948821009,0.06662029763732996,0.03437196369796095,0.225329055849189,0.07362756279786194,0.23709516955668997,0.04732493040879619,0.07913994982513403,0.07392731247680025,0.05372855826202762
2011-10-01,0.0640528358893182,0.05871044781091969,0.06748935219666402,0.22299916112693483,0.03781079149524358,0.152136357811981,0.10183250504850935,0.08155217090956521,0.08821850554374541,0.1251978721671187
2011-11-01,0.1207751733009367,0.05476854882114355,0.02974770102872146,0.25170045163300736,0.058151910337371604,0.24158823192208867,0.08744958239675318,0.03545048981778838,0.07111572522385894,0.04925218551833015
2011-12-01,0.06047551099481269,0.021219416681878638,0.022975084490748383,0.23326449791117662,0.02124837695095243,0.2607026012638457,0.09398704207532832,0.06686524762122953,0.1325468829926713,0.08671533901735633
2012-01-01,0.05656246262343476,0.02106495730599888,0.05115588524237501,0.20882923705384063,0.05058660262369676,0.2836273523267918,0.1014648189169955,0.03846680887320466,0.13539711400424873,0.05284476102941329
2012-02-01,0.05514600408294306,0.05194831453402838,0.060059857578441754,0.1827561825028729,0.06519558850436234,0.26557283683092314,0.06348692118290286,0.04345923810273886,0.15311381010732464,0.05926124657346205
2012-03-01,0.06866764443642555,0.042721909369567226,0.030711210132460788,0.1538739378368988,0.05067910942685355,0.26896345495185225,0.10918927319388998,0.03800819196625149,0.17895842568306308,0.05822684300273728
2012-04-01,0.09903166303010054,0.0349426590285055,0.059414510564032616,0.15468600002456778,0.04434436652099721,0.33255488126263066,0.08252704810798198,0.02776876604485273,0.1106084286749063,0.054121676741424665
2012-05-01,0.052889066616541344,0.039515533310155074,0.06851469495217932,0.24736460816770695,0.04672247378026767,0.2787887154933321,0.07927640235193384,0.03110945768790623,0.10163815269582525,0.05418089494415225
2012-06-01,0.04185282079453839,0.041001881656304646,0.028764203703035406,0.2735741878477082,0.04572961889464682,0.2759145676484283,0.06644157488822244,0.03054777155230999,0.1478617426191309,0.048311630395674904
2012-07-01,0.033214407883228124,0.04822742892689008,0.043291041715682294,0.35330760027556407,0.05038284370311811,0.2221174335954623,0.03331822121044565,0.03214503265736215,0.1387783345995004,0.04521765543274684
2012-08-01,0.04042691053433949,0.06428801885325282,0.04311782894533081,0.37100923018096854,0.05685178338427931,0.1346219323915278,0.03987667019608477,0.06501061947977525,0.08225058266902732,0.1025464233654139
2012-09-01,0.03817441220393479,0.06478867274760816,0.027351796656361033,0.28283276096470067,0.06584389835648133,0.2093615693398813,0.04883895068170459,0.03353989553919004,0.13722928006674848,0.09203876344338961
2012-10-01,0.10130482545445331,0.08143036362319506,0.058832808487770116,0.14073383692039312,0.06350667891720396,0.12529698044998414,0.059961483549512036,0.09375441493858767,0.20396721602579396,0.07121139163310662
2012-11-01,0.05286446980638321,0.047921418336916405,0.07711836908242649,0.23435555570232275,0.05210522519647448,0.09274258160186173,0.11111058053789896,0.10095012291366567,0.09056996160965151,0.14026171521239877
2012-12-01,0.08282693788601202,0.04078078772888651,0.09243622432712986,0.2308594802912403,0.031193422867435587,0.09711636945133141,0.11435608659144766,0.09658017609645247,0.08571797845317032,0.1281325363068939
2013-01-01,0.0975982833664844,0.08519289219890995,0.0467073077700869,0.2047834953646054,0.09429463769458936,0.12398236878805481,0.11147586230379873,0.04899725013171896,0.12801512374969515,0.05895277863205631
2013-02-01,0.10651774630736252,0.05396861892735608,0.07891524152516032,0.18418619051743432,0.08968901999944352,0.09302864634310153,0.06540830252312006,0.10190038736109829,0.10092352479353794,0.1254623217023855
2013-03-01,0.10401370239244671,0.07934258471609697,0.07160731850725434,0.19943806695023117,0.08603400725525313,0.11899004818314875,0.10733884983333845,0.055517480398624613,0.11255712948630052,0.06516081227730537
2013-04-01,0.10694033701953491,0.03842333807082238,0.04335522830835071,0.22306886679052748,0.06774710820754887,0.16830869272850799,0.1071471016478798,0.09085783089773596,0.09257659970159351,0.06157489662749842
2013-05-01,0.10048685506245869,0.0813092391424212,0.07521526814395764,0.2723069667104643,0.029988560385773126,0.08577052262838086,0.1025075738642461,0.04826533444923543,0.07312669398398927,0.1310229856290734
2013-06-01,0.10296834250097399,0.04670403847828112,0.051950532554951565,0.15899996647021777,0.0698463685741299,0.15123105103121695,0.10776740691306094,0.10178195724457045,0.13264256161936272,0.07610777461323459
2013-07-01,0.0968668597186704,0.08769746942361432,0.03836982013499053,0.146635138072729,0.042296679468973614,0.1430981518592898,0.11374861771187157,0.06957524356821176,0.13182666890446784,0.12988535113718114
2013-08-01,0.20390706701991815,0.04750849929128892,0.08710856591520616,0.11551227909874909,0.05634220856322855,0.06620185721606414,0.12172716573618056,0.09998309187582066,0.05870829576865988,0.1430009695148839
2013-09-01,0.18313350631454814,0.0825249653358646,0.056142677051810926,0.1250674046209271,0.0633529969643175,0.14027152288028322,0.055148747476636485,0.09568330870089563,0.1265380409505429,0.07213682970417344
2013-10-01,0.18034052335651876,0.08172881339428117,0.11854268190226606,0.1001059027351813,0.057818004570135625,0.09753076176056967,0.05588395828425213,0.08408985719374205,0.14244280339280124,0.081516693410252
2013-11-01,0.09770180397093853,0.0818956482569595,0.12818933313672753,0.11867076996077132,0.06232921678513659,0.1686921309641337,0.04936130041011669,0.10321172340489153,0.11710770983339587,0.07284036327692875
2013-12-01,0.16829128268776375,0.08546196033124961,0.068780150573221,0.10993177310912108,0.08297283917908474,0.16978949330842572,0.04806137923285442,0.11320489672398994,0.0778069922911792,0.07569923256311055
2014-01-01,0.16242517194158174,0.0875051594460222,0.10803234700556473,0.07466903517432151,0.09771745727180058,0.08511296791413943,0.0536814233178271,0.12552481205290092,0.051559217653941745,0.1537724082219
2014-02-01,0.14744014342710074,0.08102610200904099,0.06168413602734639,0.14931416431243744,0.06210934033555246,0.18759692429843705,0.09553178976366485,0.04985229489430953,0.09393207736260022,0.07151302756951033
2014-03-01,0.08570290752679216,0.08324879716097652,0.11277598898644288,0.18356845032111452,0.06274975513176312,0.17452324900371552,0.09794940369651096,0.04252892059797374,0.09157072996995265,0.06538179760475794
2014-04-01,0.11351306148207546,0.0858886698949477,0.1248309066718612,0.19098989580297127,0.06462467344701373,0.11957352360492168,0.09103408297378449,0.04163089999805649,0.10306922028127462,0.06484506584309337
2014-05-01,0.08211934494446901,0.05594554447667261,0.11505430883560924,0.19763753934396855,0.07918798322235841,0.2580280300470301,0.06815595018611188,0.041250525845243885,0.04418429595179873,0.05843647714673755
2014-06-01,0.073233025453907,0.0575629080662283,0.12460252852860505,0.12508015119135427,0.08077014929430805,0.32546119764704595,0.0656310163816547,0.04304806481814613,0.04382138557018213,0.060789573048568454
2014-07-01,0.036899880843249994,0.06995195774101182,0.11695654908104258,0.11632790440245079,0.08186313945671901,0.3116001836897591,0.028945730683546958,0.0770581534863276,0.052594052086385845,0.10780244852950631
2014-08-01,0.1224376715787767,0.0974057562705841,0.09124138518855839,0.07943633061943832,0.0888940239662082,0.2464244513420138,0.0427732866797777,0.08257307622654267,0.07786272625415248,0.07095129187394761
2014-09-01,0.09450560464048281,0.1140950368345667,0.031113758794326502,0.10779013538156428,0.18788169824536272,0.13420402669532516,0.04699910124518265,0.09545903695305821,0.046926744063010783,0.14102485714712018
2014-10-01,0.0846402756635932,0.11614457986094667,0.030363833241469206,0.1170621342213038,0.17009908662347353,0.14083710267364644,0.04488639734686899,0.11693495378353314,0.049004443331230926,0.13002719325393405
2014-11-01,0.07855650149114735,0.12938925296460443,0.062368964474193066,0.19257896110306177,0.0436115287341644,0.1393594458959732,0.09679310994800257,0.04628222949637414,0.06237658442537724,0.14868342146710176
2014-12-01,0.04955823694452988,0.10192165668123264,0.06897716845872906,0.19963935732227414,0.07152217328781381,0.178985021700257,0.05324798692690994,0.07909252127924633,0.08574568659462915,0.11131019080437803
2015-01-01,0.09476613268142228,0.09286755036798991,0.06199900304429754,0.19992442557944753,0.03176713591457137,0.16913155956433573,0.10638980185366018,0.04042515350527167,0.057251909745417405,0.14547732774358638
2015-02-01,0.08132503122584721,0.05090368161819388,0.050874195347291803,0.17800082940336162,0.077140730139181,0.12866339842979405,0.12774565683638014,0.10280537626493624,0.13444759023259883,0.06809351050241526
2015-03-01,0.08190501587712792,0.05047462167337257,0.06718208959960015,0.1401996919903313,0.08014528835902728,0.13587829571146529,0.1277076258869661,0.10735700812272314,0.1410702855435393,0.06808007723584691
2015-04-01,0.07425063277129018,0.09705524604833048,0.08300049921441723,0.11969102322553023,0.12270419579558386,0.0978142567831027,0.12379782904166556,0.07637309582276178,0.06574858341224067,0.13956463788507725
2015-05-01,0.10769233970032628,0.1205012045103401,0.08862871088617352,0.08070289693201763,0.09331402913287702,0.13823921406661674,0.11212931725048639,0.056893830050480654,0.12508865747981787,0.07680979999086376
2015-06-01,0.09045218226638946,0.11913317377127879,0.09680764411033202,0.10331454029688827,0.15404049858910662,0.11743271470516634,0.11838490633547545,0.057529907704873005,0.06795927063250443,0.07494516158798563
2015-07-01,0.03962542958597688,0.06979442187625541,0.10471286018484353,0.1336861070673278,0.11111914082280021,0.19048885088239395,0.1135098113645533,0.10877582847725706,0.06015945999982576,0.06812808973876606
2015-08-01,0.0556272259384132,0.06359966922537347,0.11481281993697429,0.15633550394635776,0.08915393052758941,0.16441377642809338,0.1294541186520776,0.058382138372603344,0.09649758954698595,0.07172322742553161
2015-09-01,0.049942889844371084,0.05119399261820793,0.08601697279508128,0.19605917425390892,0.09598536974705206,0.17045721987478543,0.05645533897489514,0.12361709803085365,0.052853996649660694,0.11741794721118383
2015-10-01,0.0942124162168679,0.10632634996458859,0.08145286417794742,0.20582708065839092,0.06105275045496596,0.11467313351306206,0.11090152901402113,0.06083939900482326,0.10448606180324749,0.060228415192085265
2015-11-01,0.044805991826473116,0.0994059746067695,0.06637951410934861,0.21367651948796765,0.06305674498126217,0.12297350551651638,0.1133539557103643,0.10717905407867681,0.1119841224304445,0.05718461725217695
2015-12-01,0.051987844818446295,0.10357644913738304,0.0614168721156453,0.1939368008122325,0.06579642300072688,0.12018922143926267,0.11677169085950842,0.1085667709394274,0.11321527581039602,0.06454265106697145
2016-01-01,0.10032808074385813,0.04410852714872694,0.05889381657077513,0.18046919277599352,0.11079110210328298,0.1239555889242735,0.11923683862675451,0.11870915702890435,0.07700435988494714,0.06650333619248384
2016-02-01,0.09128692096677568,0.09163801305901133,0.05190754617604499,0.20886797285539255,0.10874812698971198,0.12711069957436819,0.10913455204001152,0.06837824055087934,0.08044870464226114,0.06247922314554331
2016-03-01,0.0425182357624944,0.06991087746387153,0.052984835387517124,0.25533368336335915,0.08536719647180134,0.1475714429279609,0.04793456931306278,0.10802859735637102,0.0869128422188627,0.10343771973469905
2016-04-01,0.06825269401885715,0.029940874135122367,0.018118878116429253,0.25821684424727265,0.03476723797673967,0.2304259233826997,0.08206358969683189,0.046326412615669194,0.1418733911116135,0.0900141546987646
2016-05-01,0.09251892561910863,0.0659244921125829,0.04035077321644561,0.12457291876461477,0.06543662822168549,0.22204168351695683,0.04889758091024445,0.16654116562402319,0.11000198009877803,0.06371385191556009
2016-06-01,0.06786988321147358,0.07983821794704117,0.048917485360805056,0.08299227123506663,0.07724798699632254,0.12229755690974285,0.12976457703268177,0.07816405385486264,0.11447194787288523,0.19843601957911852
2016-07-01,0.05844821567852433,0.033674106639671644,0.06033676653364817,0.11428843410792582,0.07190277234353826,0.13160700709320236,0.12105488781461825,0.107633647361958,0.12119976558001808,0.17985439684689505
2016-08-01,0.11041785368726345,0.030517045546546266,0.058992977777083365,0.12767163980064003,0.06124547799708856,0.14554983101160593,0.053253316430050816,0.095232166277817,0.1342931552254108,0.1828265362464938
2016-09-01,0.08623122307849918,0.04864122308928294,0.06429436557633168,0.15264611413141152,0.061257778283085366,0.2905207654377471,0.09346814422492082,0.03727221317867367,0.11226409391857725,0.053404079081470504
2016-10-01,0.12991574176363735,0.10512378479945052,0.046908893824187364,0.03702964344951966,0.048928512502958106,0.08788796974852013,0.07405410599015728,0.11656482719289973,0.184094799184016,0.16949172154465386
2016-11-01,0.06873317127895659,0.10002262677748577,0.05963897054281642,0.08831777486379641,0.0881510155088428,0.13373862773245743,0.12136239568050952,0.12189277446563662,0.13523357222054386,0.08290907092895461
2016-12-01,0.06714233344094385,0.06744097597922821,0.054353950971701315,0.08353229919946006,0.11010001781934478,0.06806643121059879,0.14963284360909926,0.11937987837692528,0.10899585692925076,0.17135541246344765
2017-01-01,0.09675059253994298,0.05617544751048185,0.0882041498371185,0.07328140771564641,0.06741187511800159,0.11915125257549919,0.11265030039130393,0.06678218623820481,0.13269831448403605,0.1868944735897647
2017-02-01,0.0914460015718742,0.022908374341785043,0.08855402108789977,0.07475832870674011,0.09620690896717352,0.10626041830845194,0.1257067180267065,0.054313662104702044,0.151028687719901,0.1888168791647659
2017-03-01,0.055966588884618376,0.052593646862939575,0.05164265171737631,0.09678320936259302,0.07850604467075359,0.15821282621079977,0.11791549348843694,0.1024494983227128,0.1739199103201092,0.11201013015966045
2017-04-01,0.14393490336936499,0.020600469808500662,0.04966141850311291,0.05085673158200819,0.033941084013605946,0.14264970090906276,0.14629333925743512,0.07454784215969258,0.12546959403281252,0.21204491636440428
2017-05-01,0.11510054930325397,0.03101942414818925,0.05805693284546527,0.09461893382640008,0.05893381966933175,0.2659122142565301,0.14583066404359257,0.031481811340280594,0.13684839043018998,0.06219726013676645
2017-06-01,0.07198174958030289,0.02821545033244136,0.05578665009575152,0.1356768214454609,0.047132494563487524,0.3351970061214832,0.11633025781227634,0.02916661906900854,0.12677949806346409,0.0537334529163237
2017-07-01,0.03905555720229469,0.042748286727387376,0.05933897899624302,0.11329369521491078,0.042179723994803485,0.1334216230093017,0.10235549441850005,0.08933467185843137,0.19329758602448077,0.18497438255364676
2017-08-01,0.050179793837545596,0.08223978740806952,0.06406875842320203,0.22824571383510955,0.0634435050392933,0.17765509698862017,0.044638568073408914,0.08676848279493067,0.1285354015988802,0.07422489200094003
2017-09-01,0.0490758022296347,0.0698998104236449,0.0851122465153168,0.24365780789883176,0.07008110540022892,0.1958884311674415,0.039977507621462495,0.08508550648384902,0.09702846644193244,0.06419331581765741
2017-10-01,0.0278420082054765,0.07245910069764515,0.09279462754210847,0.1354163623401987,0.07159175634352481,0.2266724254506686,0.0862636550977758,0.08884606951848806,0.13124862260989453,0.0668653721942194
2017-11-01,0.06002699319482677,0.051926634288880474,0.1137440310748277,0.08983272150523255,0.05073768688042984,0.1392612412797137,0.0972430867739841,0.059247845037554626,0.12752632018900592,0.21045343977554432
2017-12-01,0.0687808239100888,0.05478583034627386,0.12031460506913402,0.1438234350117141,0.0798226123816346,0.11482550778746789,0.14043005419518326,0.04916962614901875,0.11434997534000023,0.11369752980948448
2018-01-01,0.08145088101516638,0.05727172367840321,0.09827420241695345,0.11116069505166767,0.04059383741605331,0.14813417332762316,0.12507041392254073,0.03910747692485897,0.12838934053224932,0.1705472557144838
2018-02-01,0.09262146434264042,0.12791536810103046,0.05588577067390307,0.11618584625670227,0.038350212437282705,0.20427064250455026,0.11868381723186457,0.040596737692535856,0.07248442653478669,0.1330057142247037
2018-03-01,0.07718338535673001,0.04883169396255011,0.11656360795396306,0.2150416991483928,0.0886440580543617,0.1684423842630925,0.11170879444261779,0.054053821707188934,0.05916437336344909,0.06036618174765401
2018-04-01,0.031454715858118064,0.0708149842984799,0.09094855054545552,0.2103687193385433,0.05829565911800151,0.23441256578393138,0.10098632483369058,0.08703674403541865,0.06659188075269251,0.04908985543566859
2018-05-01,0.06364605028385258,0.04892728341386008,0.0975285513333279,0.24545333431004943,0.03882130310913157,0.2009072969383652,0.06560110119615384,0.04229339724364108,0.10342345091601161,0.09339823125560667
2018-06-01,0.06163492203543892,0.04833057005503775,0.09019228515196569,0.2687269422565279,0.05833107169312491,0.2050957518603103,0.0472946771070492,0.07630086011860235,0.09145302144647091,0.052639898275472045
2018-07-01,0.07688764466442108,0.06298521720340786,0.1204546910251537,0.2592033896914948,0.0681924133448387,0.13638737436967718,0.05069982793899086,0.07654966217582283,0.08003018527246678,0.06860959431372618
